epoch,phase,loss,accuracy,lr
0,train,1.984342539097037,0.25328001379966736,0.0002999920495579992
0,evaluation,1.857222309595422,0.320499986410141,0.0002999920495579992
1,train,1.7786583912646985,0.3332200050354004,0.00029996819910385256
1,evaluation,1.7098352833639217,0.36559998989105225,0.00029996819910385256
2,train,1.6788600981997712,0.37845999002456665,0.000299928451253031
2,evaluation,1.6267240726495091,0.4007999897003174,0.000299928451253031
3,train,1.5793740276790336,0.4211600124835968,0.0002998728103643344
3,evaluation,1.5027941284300406,0.4560000002384186,0.0002998728103643344
4,train,1.5104102585321801,0.4468599855899811,0.00029980128253941313
4,evaluation,1.4088178148752526,0.4839000105857849,0.00029980128253941313
5,train,1.4636084945000651,0.46851998567581177,0.0002997138756220993
5,evaluation,1.3743899502331698,0.4991999864578247,0.0002997138756220993
6,train,1.4241057000196804,0.4808399975299835,0.0002996105991975463
6,evaluation,1.3111739294438423,0.525600016117096,0.0002996105991975463
7,train,1.388813983144053,0.495059996843338,0.000299491464591178
7,evaluation,1.2807881545416917,0.5374000072479248,0.000299491464591178
8,train,1.3665822945592347,0.5040799975395203,0.00029935648486744646
8,evaluation,1.2736953843998005,0.5378999710083008,0.00029935648486744646
9,train,1.3373931051825014,0.5137400031089783,0.00029920567482839947
9,evaluation,1.263091278981559,0.5471000075340271,0.00029920567482839947
10,train,1.3165402598393239,0.5244200229644775,0.00029903905101205734
10,evaluation,1.198119973834557,0.5702000260353088,0.00029903905101205734
11,train,1.2940939552033954,0.5347999930381775,0.0002988566316905992
11,evaluation,1.1818254325963273,0.5781999826431274,0.0002988566316905992
12,train,1.280452094724416,0.538320004940033,0.00029865843686835924
12,evaluation,1.1572711482832703,0.5781000256538391,0.00029865843686835924
13,train,1.2625657137092727,0.5422599911689758,0.00029844448827963323
13,evaluation,1.144710383083247,0.5940999984741211,0.00029844448827963323
14,train,1.247391984895672,0.5488399863243103,0.0002982148093862949
14,evaluation,1.1222164283824871,0.5986999869346619,0.0002982148093862949
15,train,1.2338917549613797,0.5559599995613098,0.00029796942537522314
15,evaluation,1.1308094459243967,0.6004999876022339,0.00029796942537522314
16,train,1.2226444089504154,0.5600200295448303,0.00029770836315553997
16,evaluation,1.1427954246726217,0.5929999947547913,0.00029770836315553997
17,train,1.2025652078106581,0.5687199831008911,0.0002974316513556598
17,evaluation,1.1303264709967602,0.6021999716758728,0.0002974316513556598
18,train,1.1952333063115854,0.5718600153923035,0.0002971393203201496
18,evaluation,1.0610674936560136,0.6258000135421753,0.0002971393203201496
19,train,1.191523336693454,0.5727800130844116,0.00029683140210640173
19,evaluation,1.0379668858986866,0.636900007724762,0.00029683140210640173
20,train,1.1807958241313925,0.5756400227546692,0.00029650793048111826
20,evaluation,1.0814988462230828,0.619700014591217,0.00029650793048111826
21,train,1.166855430968887,0.5778399705886841,0.0002961689409166081
21,evaluation,1.1042315899571287,0.6103000044822693,0.0002961689409166081
22,train,1.1593473337190536,0.5861999988555908,0.0002958144705868971
22,evaluation,1.0249534860441956,0.6348000168800354,0.0002958144705868971
23,train,1.1466217551694806,0.591159999370575,0.0002954445583636514
23,evaluation,1.0313135777847677,0.6338000297546387,0.0002954445583636514
24,train,1.1442927224251924,0.5924199819564819,0.00029505924481191474
24,evaluation,1.0140360465532616,0.6437000036239624,0.00029505924481191474
25,train,1.138338660340175,0.593500018119812,0.0002946585721856603
25,evaluation,1.066079785552206,0.6292999982833862,0.0002946585721856603
26,train,1.129085299456516,0.5974799990653992,0.0002942425844231566
26,evaluation,1.0301256541964374,0.6355999708175659,0.0002942425844231566
27,train,1.123437981166498,0.5975599884986877,0.0002938113271421496
27,evaluation,1.0206859534299826,0.6392999887466431,0.0002938113271421496
28,train,1.1154662991118858,0.6003000140190125,0.00029336484763486
28,evaluation,0.9667212299153775,0.6592000126838684,0.00029336484763486
29,train,1.112104609189436,0.6050800085067749,0.00029290319486279713
29,evaluation,0.9932825821864454,0.6485999822616577,0.00029290319486279713
30,train,1.1069895253157067,0.6035799980163574,0.0002924264194513898
30,evaluation,0.9721846376793294,0.6621999740600586,0.0002924264194513898
31,train,1.0961442940375383,0.6074399948120117,0.00029193457368443463
31,evaluation,0.97107463622395,0.6610000133514404,0.00029193457368443463
32,train,1.0861599227351606,0.6113600134849548,0.0002914277114983626
32,evaluation,0.9926245212554932,0.6517999768257141,0.0002914277114983626
33,train,1.0850211956616862,0.6115400195121765,0.00029090588847632414
33,evaluation,0.9648120818258841,0.659600019454956,0.00029090588847632414
34,train,1.0776961860449419,0.6174799799919128,0.0002903691618420941
34,evaluation,0.9425256999233101,0.6692000031471252,0.0002903691618420941
35,train,1.0815374491464755,0.6138200163841248,0.0002898175904537963
35,evaluation,0.9466933411887929,0.6711000204086304,0.0002898175904537963
36,train,1.0714355306247312,0.616919994354248,0.00028925123479744914
36,evaluation,0.9504089891156063,0.6743000149726868,0.00028925123479744914
37,train,1.0679420051367388,0.6209200024604797,0.0002886701569803325
37,evaluation,0.9175878438768508,0.6814000010490417,0.0002886701569803325
38,train,1.0589003149810654,0.6237000226974487,0.00028807442072417716
38,evaluation,0.8981510710112656,0.6862999796867371,0.00028807442072417716
39,train,1.0585845082312288,0.622759997844696,0.000287464091358177
39,evaluation,0.9502377683603311,0.6707000136375427,0.000287464091358177
40,train,1.0564866758063627,0.6252400279045105,0.00028683923581182487
40,evaluation,0.9048960857753512,0.6851000189781189,0.00028683923581182487
41,train,1.0502955767199815,0.629360020160675,0.00028619992260757275
41,evaluation,0.9262042913255812,0.6794999837875366,0.00028619992260757275
42,train,1.044564650949005,0.6276800036430359,0.00028554622185331796
42,evaluation,0.9242266937147213,0.6766999959945679,0.00028554622185331796
43,train,1.0409926267536096,0.6302199959754944,0.00028487820523471477
43,evaluation,0.8820325611512873,0.6942999958992004,0.00028487820523471477
44,train,1.040447646089832,0.6295400261878967,0.00028419594600731323
44,evaluation,0.9115515102314043,0.682200014591217,0.00028419594600731323
45,train,1.0345342269029154,0.6337800025939941,0.00028349951898852603
45,evaluation,0.8922073418581034,0.6881999969482422,0.00028349951898852603
46,train,1.0329765113418365,0.6323400139808655,0.00028278900054942377
46,evaluation,0.9227937527849704,0.680899977684021,0.00028278900054942377
47,train,1.0223088887951257,0.6372399926185608,0.00028206446860636015
47,evaluation,0.9061670212806026,0.6876000165939331,0.00028206446860636015
48,train,1.0265117327270605,0.6356199979782104,0.00028132600261242746
48,evaluation,0.8856988270071489,0.6913999915122986,0.00028132600261242746
49,train,1.0189108975098262,0.638979971408844,0.0002805736835487436
49,evaluation,0.8974788098395625,0.6915000081062317,0.0002805736835487436
50,train,1.0192146017728254,0.6364799737930298,0.0002798075939155718
50,evaluation,0.8545619483235516,0.7037000060081482,0.0002798075939155718
51,train,1.0168216983070764,0.6407399773597717,0.0002790278177232734
51,evaluation,0.8751301908794837,0.6966999769210815,0.0002790278177232734
52,train,1.0144463602234335,0.6397600173950195,0.00027823444048309524
52,evaluation,0.8510053919840462,0.7024000287055969,0.00027823444048309524
53,train,1.0110337484218275,0.6423199772834778,0.0002774275491977922
53,evaluation,0.8585989882674399,0.705299973487854,0.0002774275491977922
54,train,1.0022304474240373,0.6440200209617615,0.00027660723235208647
54,evaluation,0.896052213409279,0.6920999884605408,0.00027660723235208647
55,train,0.9984434179942626,0.6456400156021118,0.0002757735799029644
55,evaluation,0.8855852892127218,0.6952000260353088,0.0002757735799029644
56,train,0.9991700611151088,0.6437600255012512,0.00027492668326981143
56,evaluation,0.8591352429571031,0.7077000141143799,0.00027492668326981143
57,train,0.9974743941860735,0.6462799906730652,0.00027406663532438707
57,evaluation,0.8947975386547137,0.6922000050544739,0.00027406663532438707
58,train,0.9922088261150643,0.6482599973678589,0.0002731935303806403
58,evaluation,0.8404052755500697,0.7103999853134155,0.0002731935303806403
59,train,0.9927972640527789,0.6481599807739258,0.00027230746418436733
59,evaluation,0.8608858962602253,0.7049000263214111,0.00027230746418436733
60,train,0.9875736931705719,0.6505799889564514,0.00027140853390271154
60,evaluation,0.8436812682996823,0.7098000049591064,0.00027140853390271154
61,train,0.9853418420647722,0.6512200236320496,0.0002704968381135084
61,evaluation,0.8818349038498311,0.7002000212669373,0.0002704968381135084
62,train,0.9895908141989842,0.6491400003433228,0.00026957247679447504
62,evaluation,0.8323979091040695,0.7091000080108643,0.00026957247679447504
63,train,0.9850949747178256,0.6512600183486938,0.00026863555131224676
63,evaluation,0.8769646664209003,0.6984000205993652,0.00026863555131224676
64,train,0.9729071611638569,0.6538199782371521,0.00026768616441126075
64,evaluation,0.8628266159492203,0.7039999961853027,0.00026768616441126075
65,train,0.9753018805133108,0.6529600024223328,0.0002667244202024894
65,evaluation,0.8417989830427532,0.7111999988555908,0.0002667244202024894
66,train,0.9736647215645636,0.6527000069618225,0.0002657504241520231
66,evaluation,0.8813842965077751,0.703000009059906,0.0002657504241520231
67,train,0.9728659543844745,0.6555399894714355,0.00026476428306950465
67,evaluation,0.8412416879134842,0.7157999873161316,0.00026476428306950465
68,train,0.9710948028222984,0.656000018119812,0.0002637661050964166
68,evaluation,0.8452295774145971,0.7111999988555908,0.0002637661050964166
69,train,0.967704770510154,0.656499981880188,0.00026275599969422214
69,evaluation,0.8446254119088378,0.7132999897003174,0.00026275599969422214
70,train,0.965384831209012,0.6575400233268738,0.00026173407763236143
70,evaluation,0.8726604852495314,0.7067999839782715,0.00026173407763236143
71,train,0.961221253018245,0.6600800156593323,0.00026070045097610465
71,evaluation,0.8347978735271888,0.7110999822616577,0.00026070045097610465
72,train,0.9553873404822386,0.660260021686554,0.0002596552330742625
72,evaluation,0.8729156248177155,0.7059999704360962,0.0002596552330742625
73,train,0.9585669609286901,0.6603400111198425,0.00025859853854675647
73,evaluation,0.8704775760445413,0.7053999900817871,0.00025859853854675647
74,train,0.9532116736902301,0.663640022277832,0.0002575304832720494
74,evaluation,0.8377206363255465,0.7148000001907349,0.0002575304832720494
75,train,0.950859015250145,0.6627600193023682,0.000256451184374438
75,evaluation,0.9159361984156356,0.691100001335144,0.000256451184374438
76,train,0.9574404596672643,0.6604400277137756,0.000255360760211209
76,evaluation,0.8270597948303705,0.7146999835968018,0.000255360760211209
77,train,0.9486334166868263,0.6604800224304199,0.0002542593303596599
77,evaluation,0.8109509190426597,0.723800003528595,0.0002542593303596599
78,train,0.9474665803067824,0.6649399995803833,0.0002531470156039858
78,evaluation,0.8381012414075151,0.7192000150680542,0.0002531470156039858
79,train,0.9432470731418151,0.6646000146865845,0.0002520239379220344
79,evaluation,0.8329263563397564,0.7159000039100647,0.0002520239379220344
80,train,0.9429861314766242,0.665880024433136,0.0002508902204719295
80,evaluation,0.8419789053216765,0.7145000100135803,0.0002508902204719295
81,train,0.9452053680444312,0.6656200289726257,0.0002497459875785653
81,evaluation,0.8305275417581389,0.7131999731063843,0.0002497459875785653
82,train,0.9362061471890306,0.6673200130462646,0.00024859136471997286
82,evaluation,0.8469257098210009,0.7145000100135803,0.00024859136471997286
83,train,0.9370403094669743,0.6650000214576721,0.00024742647851356
83,evaluation,0.8560642984848988,0.710099995136261,0.00024742647851356
84,train,0.9353374090341046,0.6685000061988831,0.00024625145670222645
84,evaluation,0.8119730368445192,0.7225000262260437,0.00024625145670222645
85,train,0.932036859147689,0.6697800159454346,0.00024506642814035504
85,evaluation,0.8355737237990657,0.7211999893188477,0.00024506642814035504
86,train,0.9333579970137847,0.6716799736022949,0.00024387152277968163
86,evaluation,0.8086508882196644,0.7264999747276306,0.00024387152277968163
87,train,0.9312754122497481,0.6718199849128723,0.0002426668716550444
87,evaluation,0.8074980370606049,0.7283999919891357,0.0002426668716550444
88,train,0.9354647503179663,0.668720006942749,0.0002414526068700143
88,evaluation,0.8128991964497144,0.7264000177383423,0.0002414526068700143
89,train,0.9230994810838529,0.6718000173568726,0.0002402288615824086
89,evaluation,0.8308056472223017,0.7232999801635742,0.0002402288615824086
90,train,0.9243497747899322,0.6733400225639343,0.00023899576998968842
90,evaluation,0.8140795608110065,0.7225000262260437,0.00023899576998968842
91,train,0.9223198094941161,0.6735399961471558,0.00023775346731424264
91,evaluation,0.8023019780086565,0.7289000153541565,0.00023775346731424264
92,train,0.9223978859384346,0.674560010433197,0.00023650208978855897
92,evaluation,0.8172224405445631,0.7226999998092651,0.00023650208978855897
93,train,0.9177694808491661,0.6752200126647949,0.00023524177464028488
93,evaluation,0.7984993842583669,0.7310000061988831,0.00023524177464028488
94,train,0.9230820737836306,0.6735399961471558,0.0002339726600771789
94,evaluation,0.7884684454036665,0.7310000061988831,0.0002339726600771789
95,train,0.9199736860706983,0.6738399863243103,0.0002326948852719545
95,evaluation,0.8001379310330258,0.7250999808311462,0.0002326948852719545
96,train,0.9198069973369999,0.6743599772453308,0.00023140859034701826
96,evaluation,0.8164035896711712,0.7282000184059143,0.00023140859034701826
97,train,0.9114294966773304,0.6770200133323669,0.00023011391635910388
97,evaluation,0.7852765676341479,0.7354000210762024,0.00023011391635910388
98,train,0.9109922063625072,0.6785799860954285,0.00022881100528380385
98,evaluation,0.7914455155783062,0.7332000136375427,0.00022881100528380385
99,train,0.9111701295808758,0.6764600276947021,0.0002275
99,evaluation,0.7919569656818728,0.7322999835014343,0.0002275
100,train,0.9141014233574538,0.6779400110244751,0.00022618104427419542
100,evaluation,0.8057047732268707,0.7251999974250793,0.00022618104427419542
101,train,0.9076880928500534,0.6780200004577637,0.0002248542827447487
101,evaluation,0.7980846332598336,0.7319999933242798,0.0002248542827447487
102,train,0.9098151147822895,0.6779599785804749,0.00022351986090601283
102,evaluation,0.7925218788883354,0.7317000031471252,0.00022351986090601283
103,train,0.9087118730520654,0.6778600215911865,0.00022217792509237998
103,evaluation,0.7914557373976405,0.7329999804496765,0.00022217792509237998
104,train,0.9033686087259551,0.6802999973297119,0.0002208286224622343
104,evaluation,0.827810845797575,0.7226999998092651,0.0002208286224622343
105,train,0.9049337649589304,0.681119978427887,0.00021947210098181448
105,evaluation,0.8062880891787855,0.7272999882698059,0.00021947210098181448
106,train,0.9012238127191353,0.6816400289535522,0.0002181085094089875
106,evaluation,0.7973275048823296,0.7269999980926514,0.0002181085094089875
107,train,0.8924207554753784,0.6819000244140625,0.0002167379972769355
107,evaluation,0.7813913275169421,0.7350000143051147,0.0002167379972769355
108,train,0.8992586477333323,0.6804599761962891,0.00021536071487775814
108,evaluation,0.7756660723988014,0.7368000149726868,0.00021536071487775814
109,train,0.8980031754354687,0.680899977684021,0.00021397681324599097
109,evaluation,0.8083483350427845,0.7282000184059143,0.00021397681324599097
110,train,0.892354681668684,0.6827600002288818,0.00021258644414204314
110,evaluation,0.8238065612467029,0.7242000102996826,0.00021258644414204314
111,train,0.8993363276771877,0.6838200092315674,0.0002111897600355549
111,evaluation,0.8245559772358665,0.7264999747276306,0.0002111897600355549
112,train,0.8896752411447217,0.684440016746521,0.00020978691408867772
112,evaluation,0.7795767633220817,0.7383999824523926,0.00020978691408867772
113,train,0.8936338295107302,0.6833599805831909,0.0002083780601392783
113,evaluation,0.7906283336349681,0.7346000075340271,0.0002083780601392783
114,train,0.8919353948529724,0.6845399737358093,0.00020696335268406848
114,evaluation,0.7730892851382871,0.7397000193595886,0.00020696335268406848
115,train,0.8928086303384103,0.6856399774551392,0.00020554294686166318
115,evaluation,0.7663246996795074,0.7408999800682068,0.00020554294686166318
116,train,0.8862717357437934,0.6868000030517578,0.00020411699843556725
116,evaluation,0.7637095308002038,0.7418000102043152,0.00020411699843556725
117,train,0.8845805754442044,0.6884999871253967,0.00020268566377709454
117,evaluation,0.7933832293824304,0.734499990940094,0.00020268566377709454
118,train,0.8828400669195463,0.6880199909210205,0.00020124909984822013
118,evaluation,0.8120107703571078,0.7310000061988831,0.00020124909984822013
119,train,0.8863593137172787,0.6866599917411804,0.00019980746418436736
119,evaluation,0.7741852621488934,0.7436000108718872,0.00019980746418436736
120,train,0.8814091796765242,0.6900399923324585,0.00019836091487713254
120,evaluation,0.8077616012549098,0.7310000061988831,0.00019836091487713254
121,train,0.8772714625843956,0.6889200210571289,0.00019690961055694836
121,evaluation,0.7839685429500628,0.7386999726295471,0.00019690961055694836
122,train,0.875545086458211,0.6902999877929688,0.00019545371037568823
122,evaluation,0.7598716918426224,0.7476999759674072,0.00019545371037568823
123,train,0.8824130696104006,0.6883999705314636,0.00019399337398921348
123,evaluation,0.7972782186315029,0.7340999841690063,0.00019399337398921348
124,train,0.8734419883974373,0.692579984664917,0.0001925287615398655
124,evaluation,0.7730892225156857,0.7407000064849854,0.0001925287615398655
125,train,0.8765082549865898,0.6911200284957886,0.0001910600336389039
125,evaluation,0.7953230221814747,0.7350999712944031,0.0001910600336389039
126,train,0.8708477623932197,0.6919000148773193,0.0001895873513488942
126,evaluation,0.787998166265367,0.7386999726295471,0.0001895873513488942
127,train,0.8687001852428212,0.6940199732780457,0.00018811087616604506
127,evaluation,0.7802805636502519,0.7390999794006348,0.00018811087616604506
128,train,0.8717733597206643,0.6940000057220459,0.00018663077000249866
128,evaluation,0.7608818525000464,0.7458999752998352,0.00018663077000249866
129,train,0.8745754672133405,0.6913599967956543,0.00018514719516857508
129,evaluation,0.7773110715648796,0.7379999756813049,0.00018514719516857508
130,train,0.8716495791664514,0.694159984588623,0.00018366031435497322
130,evaluation,0.7997657513316674,0.7329000234603882,0.00018366031435497322
131,train,0.8683071362088098,0.6927599906921387,0.00018217029061493007
131,evaluation,0.757210170920891,0.7473999857902527,0.00018217029061493007
132,train,0.8627761245688514,0.6962599754333496,0.00018067728734633956
132,evaluation,0.754841191859185,0.7483999729156494,0.00018067728734633956
133,train,0.8653597619832324,0.6933799982070923,0.0001791814682738348
133,evaluation,0.783643450918077,0.7400000095367432,0.0001791814682738348
134,train,0.8661090752962605,0.6917399764060974,0.00017768299743083345
134,evaluation,0.7460151533537274,0.7497000098228455,0.00017768299743083345
135,train,0.8642672175336676,0.6956599950790405,0.00017618203914154966
135,evaluation,0.771800761735892,0.7422000169754028,0.00017618203914154966
136,train,0.859952788828584,0.6965600252151489,0.0001746787580029741
136,evaluation,0.7853554751299605,0.7398999929428101,0.0001746787580029741
137,train,0.857441793012497,0.6967999935150146,0.00017317331886682408
137,evaluation,0.7647408126275751,0.7455000281333923,0.00017317331886682408
138,train,0.863779408700021,0.6935999989509583,0.00017166588682146562
138,evaluation,0.7555594821519489,0.7458999752998352,0.00017166588682146562
139,train,0.8631987400981777,0.6961600184440613,0.00017015662717380974
139,evaluation,0.7660021502760392,0.7434999942779541,0.00017015662717380974
140,train,0.8538496846433186,0.6988999843597412,0.00016864570543118456
140,evaluation,0.7531796173204349,0.7497000098228455,0.00016864570543118456
141,train,0.857984845748033,0.6974999904632568,0.0001671332872831857
141,evaluation,0.7580775633642945,0.7455000281333923,0.0001671332872831857
142,train,0.8541441884492059,0.6973199844360352,0.00016561953858350656
142,evaluation,0.7625750295723541,0.7450000047683716,0.00016561953858350656
143,train,0.85808609467943,0.6953200101852417,0.00016410462533175042
143,evaluation,0.765353643441502,0.744700014591217,0.00016410462533175042
144,train,0.855388526264054,0.6991000175476074,0.00016258871365522684
144,evaluation,0.7475652332547345,0.7462000250816345,0.00016258871365522684
145,train,0.8509782659428199,0.6987400054931641,0.00016107196979073393
145,evaluation,0.7409697250474857,0.7516000270843506,0.00016107196979073393
146,train,0.8533106141383081,0.6995199918746948,0.00015955456006632853
146,evaluation,0.7198638440687445,0.7580000162124634,0.00015955456006632853
147,train,0.8535117756985032,0.698360025882721,0.00015803665088308673
147,evaluation,0.7465909508210195,0.7523999810218811,0.00015803665088308673
148,train,0.8491455458314218,0.6995999813079834,0.00015651840869685562
148,evaluation,0.7510270370712763,0.7483999729156494,0.00015651840869685562
149,train,0.8455224081378458,0.7030199766159058,0.00015499999999999997
149,evaluation,0.7756078477147259,0.7421000003814697,0.00015499999999999997
150,train,0.8473170818880086,0.7029399871826172,0.00015348159130314435
150,evaluation,0.769863207506228,0.7437999844551086,0.00015348159130314435
151,train,0.8421498902923311,0.7021399736404419,0.00015196334911691327
151,evaluation,0.7304427140875708,0.7538999915122986,0.00015196334911691327
152,train,0.8474098123857737,0.7024800181388855,0.0001504454399336714
152,evaluation,0.7372585316247577,0.7516999840736389,0.0001504454399336714
153,train,0.8394055611947003,0.7056400179862976,0.00014892803020926605
153,evaluation,0.7380538439448876,0.7526000142097473,0.00014892803020926605
154,train,0.8405105430451806,0.7020800113677979,0.00014741128634477313
154,evaluation,0.7387966430639918,0.7556999921798706,0.00014741128634477313
155,train,0.8407578277770821,0.7020599842071533,0.00014589537466824958
155,evaluation,0.762228927657574,0.7458000183105469,0.00014589537466824958
156,train,0.8450964207539473,0.7004200220108032,0.00014438046141649342
156,evaluation,0.7511809068390086,0.7519000172615051,0.00014438046141649342
157,train,0.8349499513426095,0.7038000226020813,0.00014286671271681423
157,evaluation,0.7766638103919693,0.7414000034332275,0.00014286671271681423
158,train,0.8412769981052565,0.703279972076416,0.00014135429456881541
158,evaluation,0.7415461328965199,0.7508999705314636,0.00014135429456881541
159,train,0.8391827111658843,0.7028200030326843,0.00013984337282619026
159,evaluation,0.7595535931707937,0.7488999962806702,0.00013984337282619026
160,train,0.8387442183921404,0.7035999894142151,0.00013833411317853436
160,evaluation,0.7283768548241144,0.7562000155448914,0.00013833411317853436
161,train,0.8325437368334406,0.7063400149345398,0.0001368266811331759
161,evaluation,0.7417332016969029,0.7542999982833862,0.0001368266811331759
162,train,0.8380380980194072,0.703540027141571,0.00013532124199702587
162,evaluation,0.7631679335726967,0.7429999709129333,0.00013532124199702587
163,train,0.8295909157189567,0.7062199711799622,0.00013381796085845036
163,evaluation,0.7617138601556609,0.7440999746322632,0.00013381796085845036
164,train,0.8296264751487986,0.7051799893379211,0.00013231700256916657
164,evaluation,0.763937836206412,0.7498000264167786,0.00013231700256916657
165,train,0.8300644048034688,0.706820011138916,0.00013081853172616515
165,evaluation,0.7735605971722663,0.7445999979972839,0.00013081853172616515
166,train,0.8292348886389866,0.7046399712562561,0.00012932271265366044
166,evaluation,0.7372146407260171,0.754800021648407,0.00012932271265366044
167,train,0.8300737258418441,0.7052599787712097,0.00012782970938506996
167,evaluation,0.7476469897016694,0.7473999857902527,0.00012782970938506996
168,train,0.8281806429938587,0.7063800096511841,0.00012633968564502673
168,evaluation,0.7361159279376646,0.7537000179290771,0.00012633968564502673
169,train,0.8288923854108357,0.7073799967765808,0.00012485280483142492
169,evaluation,0.7258609782291364,0.7591999769210815,0.00012485280483142492
170,train,0.831846014922842,0.7067000269889832,0.00012336922999750137
170,evaluation,0.7398914076104949,0.753000020980835,0.00012336922999750137
171,train,0.8255586573839797,0.7098199725151062,0.00012188912383395497
171,evaluation,0.7221133618415156,0.7562999725341797,0.00012188912383395497
172,train,0.8263613949041537,0.708620011806488,0.00012041264865110584
172,evaluation,0.720808736131161,0.762499988079071,0.00012041264865110584
173,train,0.8261505740377909,0.709119975566864,0.00011893996636109612
173,evaluation,0.742506577998777,0.7554000020027161,0.00011893996636109612
174,train,0.8215125704665318,0.7081000208854675,0.00011747123846013455
174,evaluation,0.6999324545075621,0.7653999924659729,0.00011747123846013455
175,train,0.8278414058258466,0.7098600268363953,0.00011600662601078654
175,evaluation,0.7193735724763025,0.7620999813079834,0.00011600662601078654
176,train,0.8167530180853041,0.7123799920082092,0.00011454628962431177
176,evaluation,0.7214634607109842,0.761900007724762,0.00011454628962431177
177,train,0.8203957698229328,0.7103000283241272,0.00011309038944305162
177,evaluation,0.7295097580438927,0.7577999830245972,0.00011309038944305162
178,train,0.8205409176514277,0.7092800140380859,0.00011163908512286747
178,evaluation,0.7588277383695675,0.7512000203132629,0.00011163908512286747
179,train,0.8188386257652127,0.711899995803833,0.00011019253581563266
179,evaluation,0.7431478575815128,0.753000020980835,0.00011019253581563266
180,train,0.8179736710570352,0.7149199843406677,0.00010875090015177988
180,evaluation,0.7340315833121915,0.7569000124931335,0.00010875090015177988
181,train,0.8109561805529972,0.7116600275039673,0.00010731433622290546
181,evaluation,0.7323428837558891,0.7573000192642212,0.00010731433622290546
182,train,0.8168082372916629,0.711080014705658,0.00010588300156443278
182,evaluation,0.7425641538221625,0.7541999816894531,0.00010588300156443278
183,train,0.8175832063645658,0.7101600170135498,0.00010445705313833685
183,evaluation,0.7417407465886466,0.7545999884605408,0.00010445705313833685
184,train,0.8100701665024623,0.714959979057312,0.00010303664731593152
184,evaluation,0.7292761357524727,0.7578999996185303,0.00010303664731593152
185,train,0.8083592561809608,0.7147600054740906,0.00010162193986072177
185,evaluation,0.7338573819474329,0.7591999769210815,0.00010162193986072177
186,train,0.8112916760432446,0.7125999927520752,0.00010021308591132228
186,evaluation,0.7109764225875275,0.7641000151634216,0.00010021308591132228
187,train,0.813728714995372,0.7123000025749207,9.881023996444511e-05
187,evaluation,0.7362406653693959,0.7544999718666077,9.881023996444511e-05
188,train,0.8069651425647004,0.7160599827766418,9.741355585795683e-05
188,evaluation,0.7328748710547821,0.7565000057220459,9.741355585795683e-05
189,train,0.8107547243232922,0.7134199738502502,9.6023186754009e-05
189,evaluation,0.7249276298510877,0.7585999965667725,9.6023186754009e-05
190,train,0.8130532074767305,0.712660014629364,9.463928512224188e-05
190,evaluation,0.7372795471662208,0.7580999732017517,9.463928512224188e-05
191,train,0.8084004341488908,0.7136399745941162,9.326200272306449e-05
191,evaluation,0.7263631013375295,0.7591999769210815,9.326200272306449e-05
192,train,0.8117731430036638,0.7123600244522095,9.189149059101255e-05
192,evaluation,0.7315908119648318,0.7595000267028809,9.189149059101255e-05
193,train,0.8025351957896786,0.7168200016021729,9.052789901818558e-05
193,evaluation,0.7191836882995654,0.7613999843597412,9.052789901818558e-05
194,train,0.8068342632649804,0.7154600024223328,8.917137753776574e-05
194,evaluation,0.7212024798876122,0.7599999904632568,8.917137753776574e-05
195,train,0.7964489914267264,0.7191799879074097,8.78220749076201e-05
195,evaluation,0.7013717086254796,0.7635999917984009,8.78220749076201e-05
196,train,0.803376388976641,0.7162799835205078,8.648013909398721e-05
196,evaluation,0.7073893335801137,0.7656000256538391,8.648013909398721e-05
197,train,0.8044882669778126,0.7175999879837036,8.514571725525128e-05
197,evaluation,0.7226755928389633,0.7621999979019165,8.514571725525128e-05
198,train,0.8011414882776987,0.7160599827766418,8.38189557258046e-05
198,evaluation,0.7223289933385728,0.761900007724762,8.38189557258046e-05
199,train,0.8055112275016277,0.7152000069618225,8.249999999999999e-05
199,evaluation,0.7145922123631344,0.7605000138282776,8.249999999999999e-05
200,train,0.8021424495045791,0.714680016040802,8.118899471619618e-05
200,evaluation,0.705906374545037,0.7645999789237976,8.118899471619618e-05
201,train,0.806389799965617,0.7152600288391113,7.988608364089617e-05
201,evaluation,0.7203077749360965,0.757099986076355,7.988608364089617e-05
202,train,0.798305557664398,0.7171800136566162,7.859140965298178e-05
202,evaluation,0.7081763812258274,0.7649000287055969,7.859140965298178e-05
203,train,0.7927828592717495,0.7207599878311157,7.730511472804555e-05
203,evaluation,0.7018651328509367,0.7674999833106995,7.730511472804555e-05
204,train,0.8040894073293642,0.7163199782371521,7.602733992282116e-05
204,evaluation,0.7195177251779581,0.7634000182151794,7.602733992282116e-05
205,train,0.7961939933050014,0.7188799977302551,7.475822535971515e-05
205,evaluation,0.7291984226130233,0.7620999813079834,7.475822535971515e-05
206,train,0.7973343062278865,0.7178800106048584,7.349791021144112e-05
206,evaluation,0.7172469828702226,0.7630000114440918,7.349791021144112e-05
207,train,0.7941353439979846,0.7213600277900696,7.224653268575744e-05
207,evaluation,0.7108568541611298,0.7623999714851379,7.224653268575744e-05
208,train,0.7947725970726793,0.7193999886512756,7.100423001031158e-05
208,evaluation,0.7271871419647072,0.7592999935150146,7.100423001031158e-05
209,train,0.7936120911327469,0.7218400239944458,6.977113841759144e-05
209,evaluation,0.7333835687818406,0.7587000131607056,6.977113841759144e-05
210,train,0.7936403330634622,0.7225800156593323,6.854739312998572e-05
210,evaluation,0.7035642734056786,0.7662000060081482,6.854739312998572e-05
211,train,0.7883575803331097,0.7203199863433838,6.733312834495569e-05
211,evaluation,0.7161921519267408,0.7621999979019165,6.733312834495569e-05
212,train,0.7932240601695711,0.7207599878311157,6.612847722031848e-05
212,evaluation,0.7231337062165707,0.7609999775886536,6.612847722031848e-05
213,train,0.7963766571505905,0.7182599902153015,6.493357185964504e-05
213,evaluation,0.7043412916267975,0.7652999758720398,6.493357185964504e-05
214,train,0.7898665033947782,0.7220199704170227,6.374854329777363e-05
214,evaluation,0.7040156620212749,0.7677000164985657,6.374854329777363e-05
215,train,0.7889498040804168,0.723800003528595,6.257352148644002e-05
215,evaluation,0.7134955691385872,0.7634999752044678,6.257352148644002e-05
216,train,0.7897153751319631,0.7214599847793579,6.140863528002722e-05
216,evaluation,0.7071490363229679,0.7651000022888184,6.140863528002722e-05
217,train,0.7867189711317077,0.7230600118637085,6.025401242143478e-05
217,evaluation,0.7077736945091924,0.7652000188827515,6.025401242143478e-05
218,train,0.7877896940311813,0.7220399975776672,5.9109779528070484e-05
218,evaluation,0.6971260965624942,0.7677000164985657,5.9109779528070484e-05
219,train,0.7876595924882328,0.7215800285339355,5.7976062077965586e-05
219,evaluation,0.6923393033727815,0.7714999914169312,5.7976062077965586e-05
220,train,0.7914962907276495,0.7196599841117859,5.685298439601424e-05
220,evaluation,0.6986911470376993,0.7677000164985657,5.685298439601424e-05
221,train,0.7850204128438555,0.722320020198822,5.5740669640340166e-05
221,evaluation,0.7025355896617793,0.7663999795913696,5.5740669640340166e-05
222,train,0.7909582821304536,0.7209600210189819,5.463923978879106e-05
222,evaluation,0.7130492050436479,0.7613999843597412,5.463923978879106e-05
223,train,0.782034628226629,0.7234600186347961,5.3548815625562027e-05
223,evaluation,0.7172387755369838,0.7616000175476074,5.3548815625562027e-05
224,train,0.7875938380465788,0.7214000225067139,5.2469516727950645e-05
224,evaluation,0.7177149517626702,0.7623999714851379,5.2469516727950645e-05
225,train,0.787158585722794,0.7231199741363525,5.1401461453243575e-05
225,evaluation,0.7014068463180638,0.7677000164985657,5.1401461453243575e-05
226,train,0.7848102953427892,0.7245799899101257,5.0344766925737514e-05
226,evaluation,0.709505263763138,0.7648000121116638,5.0344766925737514e-05
227,train,0.7806692669153823,0.7256600260734558,4.929954902389538e-05
227,evaluation,0.7233230215084704,0.7605000138282776,4.929954902389538e-05
228,train,0.7867306371783966,0.7236800193786621,4.826592236763859e-05
228,evaluation,0.715305472476573,0.7648000121116638,4.826592236763859e-05
229,train,0.7840422465063422,0.7232999801635742,4.724400030577784e-05
229,evaluation,0.6952114814444433,0.7696999907493591,4.724400030577784e-05
230,train,0.7828836384636667,0.722540020942688,4.623389490358338e-05
230,evaluation,0.7030900354626812,0.7684999704360962,4.623389490358338e-05
231,train,0.7803268886892997,0.7250999808311462,4.523571693049536e-05
231,evaluation,0.7030331507513795,0.76910001039505,4.523571693049536e-05
232,train,0.7833720453255012,0.7231199741363525,4.42495758479769e-05
232,evaluation,0.7065519328358807,0.7669000029563904,4.42495758479769e-05
233,train,0.7825349430598871,0.7239599823951721,4.3275579797510595e-05
233,evaluation,0.709486567521397,0.7656999826431274,4.3275579797510595e-05
234,train,0.7829263408470641,0.7260800004005432,4.231383558873924e-05
234,evaluation,0.7104981647262091,0.76910001039505,4.231383558873924e-05
235,train,0.7754090765248174,0.7262799739837646,4.136444868775326e-05
235,evaluation,0.7127851066710074,0.7670999765396118,4.136444868775326e-05
236,train,0.7787402880466198,0.7236800193786621,4.0427523205524943e-05
236,evaluation,0.7128879548628119,0.7645999789237976,4.0427523205524943e-05
237,train,0.7758461517446181,0.7265599966049194,3.950316188649156e-05
237,evaluation,0.7125822577295424,0.7671999931335449,3.950316188649156e-05
238,train,0.7805219047209796,0.7240200042724609,3.859146609728844e-05
238,evaluation,0.6863879900944384,0.7731000185012817,3.859146609728844e-05
239,train,0.7807400758614016,0.7262799739837646,3.769253581563266e-05
239,evaluation,0.700771490229836,0.7694000005722046,3.769253581563266e-05
240,train,0.7809455876460161,0.7257199883460999,3.680646961935965e-05
240,evaluation,0.704959351805192,0.7670000195503235,3.680646961935965e-05
241,train,0.7764529181868219,0.7254800200462341,3.593336467561294e-05
241,evaluation,0.6996982406966293,0.76910001039505,3.593336467561294e-05
242,train,0.7746682999384068,0.725820004940033,3.5073316730188546e-05
242,evaluation,0.6971829620343221,0.7695000171661377,3.5073316730188546e-05
243,train,0.7743101749578705,0.7285199761390686,3.422642009703561e-05
243,evaluation,0.7116548418998718,0.7667999863624573,3.422642009703561e-05
244,train,0.7709543185160898,0.7274199724197388,3.339276764791356e-05
244,evaluation,0.7088265856610069,0.7642999887466431,3.339276764791356e-05
245,train,0.7706596506830982,0.7272999882698059,3.2572450802207845e-05
245,evaluation,0.715016810577127,0.7634000182151794,3.2572450802207845e-05
246,train,0.7773932855757301,0.7253000140190125,3.1765559516904784e-05
246,evaluation,0.6945367538476293,0.770799994468689,3.1765559516904784e-05
247,train,0.7715081130452168,0.7272199988365173,3.097218227672658e-05
247,evaluation,0.7030224619032461,0.7689999938011169,3.097218227672658e-05
248,train,0.7752018284309855,0.7265599966049194,3.019240608442822e-05
248,evaluation,0.7013581206526938,0.7681000232696533,3.019240608442822e-05
249,train,0.7701553671866121,0.7287200093269348,2.9426316451256454e-05
249,evaluation,0.7036533340623107,0.7682999968528748,2.9426316451256454e-05
250,train,0.771070755656113,0.7279999852180481,2.8673997387572544e-05
250,evaluation,0.7086526042298426,0.7695000171661377,2.8673997387572544e-05
251,train,0.7699824535023526,0.728659987449646,2.7935531393639814e-05
251,evaluation,0.7110978485662726,0.7674999833106995,2.7935531393639814e-05
252,train,0.7695155005015986,0.7289400100708008,2.7210999450576172e-05
252,evaluation,0.697387453121475,0.7713000178337097,2.7210999450576172e-05
253,train,0.7697931450346241,0.7276800274848938,2.6500481011473898e-05
253,evaluation,0.6932002660594409,0.7713000178337097,2.6500481011473898e-05
254,train,0.7759556067569177,0.7257199883460999,2.5804053992686704e-05
254,evaluation,0.7011103415036504,0.7680000066757202,2.5804053992686704e-05
255,train,0.7688085473406955,0.7268800139427185,2.5121794765285192e-05
255,evaluation,0.6971327519115014,0.7717999815940857,2.5121794765285192e-05
256,train,0.7702290243504907,0.7264599800109863,2.445377814668197e-05
256,evaluation,0.7014772220502926,0.76910001039505,2.445377814668197e-05
257,train,0.7668053332497092,0.7286400198936462,2.380007739242722e-05
257,evaluation,0.6993655773657786,0.7699000239372253,2.380007739242722e-05
258,train,0.7659137288627722,0.7274199724197388,2.316076418817509e-05
258,evaluation,0.7091332462769521,0.7684000134468079,2.316076418817509e-05
259,train,0.7634863242163987,0.7292799949645996,2.2535908641822916e-05
259,evaluation,0.6948873359191267,0.7702999711036682,2.2535908641822916e-05
260,train,0.766381276538,0.7290199995040894,2.192557927582279e-05
260,evaluation,0.6980862323241898,0.7692999839782715,2.192557927582279e-05
261,train,0.7695254534101852,0.7280200123786926,2.1329843019667432e-05
261,evaluation,0.6931785880764828,0.7705000042915344,2.1329843019667432e-05
262,train,0.7650119819299644,0.7305600047111511,2.0748765202550787e-05
262,evaluation,0.6943085661417321,0.7746000289916992,2.0748765202550787e-05
263,train,0.7683125969089205,0.7292600274085999,2.0182409546203575e-05
263,evaluation,0.7060326632065109,0.7698000073432922,2.0182409546203575e-05
264,train,0.7607165097123216,0.7335399985313416,1.9630838157905765e-05
264,evaluation,0.7046872822544242,0.7667999863624573,1.9630838157905765e-05
265,train,0.7669739784944393,0.7302200198173523,1.9094111523675756e-05
265,evaluation,0.705492918249927,0.7681999802589417,1.9094111523675756e-05
266,train,0.7708799155319438,0.7272999882698059,1.8572288501637325e-05
266,evaluation,0.6963149128080923,0.7717000246047974,1.8572288501637325e-05
267,train,0.7657901706445552,0.7285599708557129,1.806542631556527e-05
267,evaluation,0.6927860435805743,0.7724000215530396,1.806542631556527e-05
268,train,0.7631020140464958,0.7300199866294861,1.757358054861011e-05
268,evaluation,0.703527652010133,0.7687000036239624,1.757358054861011e-05
269,train,0.7650017453276593,0.730139970779419,1.709680513720275e-05
269,evaluation,0.6891817510882511,0.7720000147819519,1.709680513720275e-05
270,train,0.76605604051629,0.7309799790382385,1.6635152365139873e-05
270,evaluation,0.6942523661293561,0.7714999914169312,1.6635152365139873e-05
271,train,0.7652533110755179,0.7301599979400635,1.6188672857850262e-05
271,evaluation,0.693656247627886,0.7710000276565552,1.6188672857850262e-05
272,train,0.7644739565641984,0.73198002576828,1.5757415576843268e-05
272,evaluation,0.694003405073021,0.7720000147819519,1.5757415576843268e-05
273,train,0.7690611320078525,0.7303599715232849,1.5341427814339585e-05
273,evaluation,0.7013168485858773,0.7712000012397766,1.5341427814339585e-05
274,train,0.7580399283057894,0.732420027256012,1.4940755188085104e-05
274,evaluation,0.7052733468104012,0.7699999809265137,1.4940755188085104e-05
275,train,0.7646048245832439,0.7292600274085999,1.4555441636348503e-05
275,evaluation,0.7033827787713159,0.7698000073432922,1.4555441636348503e-05
276,train,0.7687815170153938,0.7298799753189087,1.4185529413102792e-05
276,evaluation,0.6944995658307136,0.771399974822998,1.4185529413102792e-05
277,train,0.7653900096788431,0.7294999957084656,1.3831059083391764e-05
277,evaluation,0.6952351233627223,0.7724000215530396,1.3831059083391764e-05
278,train,0.760037002051273,0.7310600280761719,1.3492069518881644e-05
278,evaluation,0.7015175819396973,0.7717999815940857,1.3492069518881644e-05
279,train,0.7610962893956762,0.7313799858093262,1.3168597893598197e-05
279,evaluation,0.7023503448389754,0.7718999981880188,1.3168597893598197e-05
280,train,0.7649554591959394,0.7287200093269348,1.286067967985035e-05
280,evaluation,0.7032665617858307,0.7724999785423279,1.286067967985035e-05
281,train,0.762839170444347,0.7311800122261047,1.2568348644340156e-05
281,evaluation,0.6942152222500572,0.7706999778747559,1.2568348644340156e-05
282,train,0.7626864865917684,0.7298799753189087,1.2291636844459932e-05
282,evaluation,0.7002469980264012,0.7709000110626221,1.2291636844459932e-05
283,train,0.7632270615424037,0.7298200130462646,1.2030574624776782e-05
283,evaluation,0.695714269257799,0.7721999883651733,1.2030574624776782e-05
284,train,0.7608055696463036,0.7311400175094604,1.1785190613705043e-05
284,evaluation,0.7028452980367443,0.7717000246047974,1.1785190613705043e-05
285,train,0.7644899168892589,0.7299000024795532,1.1555511720366695e-05
285,evaluation,0.6981836444214929,0.7728999853134155,1.1555511720366695e-05
286,train,0.7652988337799717,0.7297599911689758,1.134156313164068e-05
286,evaluation,0.7000463371035419,0.7702000141143799,1.134156313164068e-05
287,train,0.7652438220465579,0.730139970779419,1.1143368309400725e-05
287,evaluation,0.6969580491886863,0.7721999883651733,1.1143368309400725e-05
288,train,0.7595325108531796,0.7318000197410583,1.0960948987942516e-05
288,evaluation,0.7028285053711903,0.7706000208854675,1.0960948987942516e-05
289,train,0.7630152315130014,0.7302799820899963,1.0794325171600374e-05
289,evaluation,0.6938582289068005,0.7721999883651733,1.0794325171600374e-05
290,train,0.7615434961855564,0.7315599918365479,1.06435151325534e-05
290,evaluation,0.6945907930030099,0.7734000086784363,1.06435151325534e-05
291,train,0.7665759200025397,0.7283599972724915,1.0508535408821867e-05
291,evaluation,0.6964781578583054,0.7731000185012817,1.0508535408821867e-05
292,train,0.7633888779393853,0.7292199730873108,1.0389400802453577e-05
292,evaluation,0.6913198255285432,0.771399974822998,1.0389400802453577e-05
293,train,0.759893296777135,0.7322400212287903,1.0286124377900624e-05
293,evaluation,0.695976037767869,0.7749000191688538,1.0286124377900624e-05
294,train,0.7642349920919179,0.7293800115585327,1.0198717460586795e-05
294,evaluation,0.6992695935164825,0.7724000215530396,1.0198717460586795e-05
295,train,0.75949100178221,0.73225998878479,1.0127189635665535e-05
295,evaluation,0.6975873003277597,0.7714999914169312,1.0127189635665535e-05
296,train,0.7619987393888976,0.7314599752426147,1.0071548746968918e-05
296,evaluation,0.6969862180420116,0.7720000147819519,1.0071548746968918e-05
297,train,0.7642847764522523,0.7298799753189087,1.0031800896147403e-05
297,evaluation,0.6997306052642532,0.770799994468689,1.0031800896147403e-05
298,train,0.7562670765630425,0.7330399751663208,1.000795044200074e-05
298,evaluation,0.6937978350663487,0.7734000086784363,1.000795044200074e-05
299,train,0.7606896963875617,0.7317600250244141,1e-05
299,evaluation,0.6984708452526527,0.7720999717712402,1e-05
